{
    "users": {
        "Dalliuseu": {
            "password": "G987654dd_",
            "learned_words": [
                "office - офис",
                "computer - компьютер",
                "meeting - встреча",
                "banana - банан",
                "bread - хлеб",
                "apple - яблоко",
                "bike - велосипед",
                "bus - автобус",
                "car - машина"
            ],
            "stats": {
                "words_learned": 9,
                "total_words": 18
            }
        }
    },
    "word_categories": {
        "Еда": [
            "apple - яблоко",
            "banana - банан",
            "bread - хлеб",
            "cucumber - огурец",
            "tomato - помидор"
        ],
        "Транспорт": [
            "car - машина",
            "bus - автобус",
            "bike - велосипед",
            "motorbike - мотоцикл",
            "airplane - самолёт"
        ],
        "Работа": [
            "office - офис",
            "computer - компьютер",
            "meeting - встреча"
        ],
        "Дом": [
            "room - комната",
            "kitchen - кухня",
            "bedroom - спальня",
            "attic - чердак",
            "basement - подвал"
        ]
    }
}