{
    "categories": {
        "Dalliuseu": {
            "\u041e\u0441\u043d\u043e\u0432\u043d\u044b\u0435": {
                "apple": "\u044f\u0431\u043b\u043e\u043a\u043e",
                "book": "\u043a\u043d\u0438\u0433\u0430",
                "house": "\u0434\u043e\u043c",
                "pencil": "\u043a\u0430\u0440\u0430\u043d\u0434\u0430\u0448",
                "human": "\u0447\u0435\u043b\u043e\u0432\u0435\u043a"
            },
            "\u0413\u043b\u0430\u0433\u043e\u043b\u044b": {
                "run": "\u0431\u0435\u0436\u0430\u0442\u044c",
                "read": "\u0447\u0438\u0442\u0430\u0442\u044c",
                "write": "\u043f\u0438\u0441\u0430\u0442\u044c",
                "speak": "\u0433\u043e\u0432\u043e\u0440\u0438\u0442\u044c",
                "sleep": "\u0441\u043f\u0430\u0442\u044c"
            },
            "\u041f\u0440\u0438\u043b\u0430\u0433\u0430\u0442\u0435\u043b\u044c\u043d\u044b\u0435": {
                "happy": "\u0441\u0447\u0430\u0441\u0442\u043b\u0438\u0432\u044b\u0439",
                "big": "\u0431\u043e\u043b\u044c\u0448\u043e\u0439",
                "small": "\u043c\u0430\u043b\u0435\u043d\u044c\u043a\u0438\u0439",
                "strong": "\u0441\u0438\u043b\u044c\u043d\u044b\u0439",
                "high": "\u0432\u044b\u0441\u043e\u043a\u0438\u0439"
            }
        }
    }
}