{
    "transactions": [
        {
            "id": 1,
            "type": "income",
            "amount": 24000.0,
            "category": "Зарплата",
            "description": "",
            "date": "2025-06-11 18:36:43"
        },
        {
            "id": 2,
            "type": "expense",
            "amount": 24000.0,
            "category": "Жилье",
            "description": "",
            "date": "2025-06-11 18:37:03"
        }
    ],
    "balance": 0.0,
    "dark_mode": false
}