{
    "Dalliuseu": {
        "tasks": [
            {
                "id": 1,
                "title": "\u0421\u043e\u0437\u0434\u0430\u043d\u0438\u0435 \u043a\u043e\u043d\u0441\u043e\u043b\u044c\u043d\u043e\u0433\u043e \u043f\u0440\u0438\u043b\u043e\u0436\u0435\u043d\u0438\u044f",
                "description": "\u0412\u044b \u0434\u043e\u043b\u0436\u043d\u044b \u0441\u043e\u0437\u0434\u0430\u0442\u044c \u0440\u0430\u0431\u043e\u0447\u0435\u0435 \u043a\u043e\u043d\u0441\u043e\u043b\u044c\u043d\u043e\u0435 \u043f\u0440\u0438\u043b\u043e\u0436\u0435\u043d\u0438\u0435 \u0434\u043b\u044f \u0442\u0435\u043b\u0435\u0444\u043e\u043d\u0430",
                "priority": "\u0412\u044b\u0441\u043e\u043a\u0438\u0439",
                "due_date": "11.07.2025",
                "category": "\u0423\u0447\u0435\u0431\u0430",
                "completed": false,
                "created_at": "2025-06-11 08:29:14.015792"
            }
        ],
        "reminder_interval": 60,
        "notifications_enabled": true,
        "categories": [
            "\u0423\u0447\u0435\u0431\u0430",
            "\u0420\u0430\u0431\u043e\u0442\u0430",
            "\u041b\u0438\u0447\u043d\u043e\u0435"
        ]
    }
}